DUID,GeneratorsandScheduledLoads_StationName,2021-22-IASR_Generator,Lat,Lon
ADPBA1G,Adelaide Desalination Plant,Adelaide Desalination Plant,-35.09643816,138.4840037
ADPBA1L,Adelaide Desalination Plant,Adelaide Desalination Plant,-35.09643816,138.4840037
ADPMH1,Adelaide Desalination Plant,Adelaide Desalination Plant,-35.09643816,138.4840037
ADPPV1,Adelaide Desalination Plant,Adelaide Desalination Plant,-35.09643816,138.4840037
ADPPV2,Adelaide Desalination Plant,Adelaide Desalination Plant,-35.09643816,138.4840037
ADPPV3,Adelaide Desalination Plant,Adelaide Desalination Plant,-35.09643816,138.4840037
AGLHAL,Hallett Power Station,,-33.348652,138.751659
AGLSITA1,Agl Kemps Creek,,,
AGLSOM,Somerton Power Station,Somerton,-37.631822,144.953077
ANGAST1,Angaston Power Station,Angaston,-34.50348,139.024537
APD01,,,,
APPIN,Appin Power Plant,,-34.20697011,150.7719465
ARWF1,Ararat Wind Farm,Ararat Wind Farm,-37.238181,143.052044
ASNAES1,,,,
ASNBRL1,,,,
ASNENC1,,,,
ASQENC1,,,,
ASSDE1,,,,
ASSEL1,,,,
ASSENC1,,,,
ASSSN1,,,,
ASTFG1V1,,,,
ASTHYD1,,,,
BAKING1,Baking Board Solar Farm,,,
BALBG1,Ballarat Battery Energy Storage System,Ballarat Energy Storage System,-37.56746062,143.9198731
BALBL1,Ballarat Battery Energy Storage System,Ballarat Energy Storage System,-37.56746062,143.9198731
BALDHWF1,Bald Hills Wind Farm,Bald Hills Wind Farm,-38.7908,145.9277
BANGOWF1,Bango 973 Wind Farm,Bango 973 Wind Farm,-34.769768,148.921209
BANGOWF2,Bango 999 Wind Farm,Bango 999 Wind Farm,-34.769768,148.921209
BANN1,Bannerton Solar Park,Bannerton Solar Farm,-34.674141,142.750511
BAPS,Banimboola Power Station,,-36.5341745,147.4593287
BARCALDN,Barcaldine Power Station,Barcaldine Power Station,-23.552452,145.314186
BARCSF1,Barcaldine Solar Farm,,-23.54766108,145.3188127
BARKIPS1,Barker Inlet Power Station,Barker Inlet Power Station,-34.80416331,138.5249642
BARRON-1,Barron Gorge Power Station,Barron Gorge,-16.850199,145.646495
BARRON-2,Barron Gorge Power Station,Barron Gorge,-16.850199,145.646495
BASTYAN,Bastyan Power Station,Bastyan,-41.735983,145.532112
BBASEHOS,Ballarat Base Hospital Plant,,,
BBTHREE1,Bell Bay Three Power Station,Bell Bay Three,-41.141944,146.9025
BBTHREE2,Bell Bay Three Power Station,Bell Bay Three,-41.141944,146.9025
BBTHREE3,Bell Bay Three Power Station,Bell Bay Three,-41.141944,146.9025
BDL01,Bairnsdale Power Station,Bairnsdale,-37.842859,147.56393
BDL02,Bairnsdale Power Station,Bairnsdale,-37.842859,147.56393
BDONGHYD,Burrendong Hydro Power Station,,-32.66442444,149.1078967
BERYLSF1,Beryl Solar Farm,Beryl Solar Farm,-32.35746334,149.4681173
BLNKTAS,Basslink HVDC Link,,,
BLNKVIC,Basslink HVDC Link,,,
BLOWERNG,Blowering Power Station,Blowering,-35.398601,148.246272
BLUEGSF1,Blue Grass Solar Farm,,,
BLUFF1,The Bluff Wind Farm,,-33.369331,138.982476
BNGSF1,Bungala One Solar Farm,Bungala one Solar Farm,,
BNGSF2,Bungala Two Solar Farm,Bungala Two Solar Farm,,
BOCORWF1,Boco Rock Wind Farm,Boco Rock Wind Farm,-36.59141422,149.1296751
BODWF1,Bodangora Wind Farm ,,-32.40684634,149.0412398
BOLIVAR1,Bolivar Waste Water Treatment Plant,,,
BOMENSF1,Bomen Solar Farm,Bomen Solar Farm,-35.04883921,147.4441156
BOWWBA1G,Bolivar Waste Water Treatment Plant,,,
BOWWBA1L,Bolivar Waste Water Treatment Plant,,,
BOWWDG1,Bolivar Waste Water Treatment Plant,,,
BOWWPV1,Bolivar Waste Water Treatment Plant,,,
BPLANDF1,Browns Plains Landfill Gas PS,,,
BRAEMAR1,Braemar Power Station,Braemar,-27.110934,150.905337
BRAEMAR2,Braemar Power Station,Braemar,-27.110934,150.905337
BRAEMAR3,Braemar Power Station,Braemar,-27.110934,150.905337
BRAEMAR5,Braemar 2 Power Station,Braemar 2 Power Station,-27.11281127,150.9048783
BRAEMAR6,Braemar 2 Power Station,Braemar 2 Power Station,-27.11281127,150.9048783
BRAEMAR7,Braemar 2 Power Station,Braemar 2 Power Station,-27.11281127,150.9048783
BROADMDW,Broadmeadows Landfill Gas Power Station,,,
BROKENH1,Broken Hill Solar Plant,Broken Hill Solar Farm,-31.98670743,141.3915455
BROOKLYN,Brooklyn LFG U1-3,,,
BROWNMT,Brown Mountain Hydro Power Station,,,
BRYB1WF1,Berrybank Wind Farm,Berrybank Wind Farm,-37.997441,143.456666
BULBESG1,Bulgana Green Power Hub,,-37.14713506,142.9370081
BULBESL1,Bulgana Green Power Hub,,-37.14713506,142.9370081
BULGANA1,Bulgana Green Power Hub,,-37.14713506,142.9370081
BURRIN,Burrinjuck Hydro Power Station,,,
BUTLERSG,Butlers Gorge Power Station,,-42.266898,146.261758
BW01,Bayswater Power Station,Bayswater,-32.39527,150.94913
BW02,Bayswater Power Station,Bayswater,-32.39527,150.94913
BW03,Bayswater Power Station,Bayswater,-32.39527,150.94913
BW04,Bayswater Power Station,Bayswater,-32.39527,150.94913
BWTR1,Broadwater Power Station,,-29.01206004,153.4327788
CALL_A_4,Callide Power Station,,-24.334025,150.627973
CALL_B_1,Callide Power Station,Callide B,-24.34488,150.619749
CALL_B_2,Callide Power Station,Callide B,-24.34488,150.619749
CAPTL_WF,Capital Wind Farm,Capital Wind Farm,-35.16603062,149.5185686
CATHROCK,Cathedral Rocks,Cathedral Rocks Wind Farm,-34.850861,135.585172
CBWF1,Coonooer Bridge Wind Farm,,-36.436,143.362
CBWWBA1G,Christies Beach Wastewater Treatment Plant,,,
CBWWBA1L,Christies Beach Wastewater Treatment Plant,,,
CBWWBG1,Christies Beach Wastewater Treatment Plant,,,
CBWWDG1,Christies Beach Wastewater Treatment Plant,,,
CBWWDG2,Christies Beach Wastewater Treatment Plant,,,
CBWWPV1,Christies Beach Wastewater Treatment Plant,,,
CBWWPV2,Christies Beach Wastewater Treatment Plant,,,
CESF1,Capital East Solar Farm,,-35.2018,149.5083
CETHANA,Cethana Power Station,Cethana,-41.480237,146.134849
CG1,Colongra Power Station,Colongra,-33.209869,151.544785
CG2,Colongra Power Station,Colongra,-33.209869,151.544785
CG3,Colongra Power Station,Colongra,-33.209869,151.544785
CG4,Colongra Power Station,Colongra,-33.209869,151.544785
CHALLHWF,Challicum Hills Wind Farm,,-37.38978902,143.1139711
CHILDSF1,Childers Solar Farm,Childers Solar Farm,,
CHPSTWF1,Chepstowe Wind Farm,,-37.596662,143.499856
CHYTWF1,Cherry Tree Wind Farm,Cherry Tree Wind Farm,,
CLARESF1,Clare Solar Farm,Clare Solar Farm,,
CLAYTON,Clayton Landfill Gas Power Station,,-37.9502,145.118722
CLEMGPWF,Clements Gap Wind Farm,Clements Gap Wind Farm,-33.50856771,138.1191752
CLERMSF1,Clermont Solar Farm,Clermont Solar Farm,,
CLOVER,Clover Power Station,,,
CLUNY,Cluny Power Station,,-42.506423,146.681162
CNUNDAWF,Canunda Wind Farm,Canunda Wind Farm,,
CODRNGTON,Codrington Wind Farm,,,
COHUNA,Cohuna Solar Farm,,,
COHUNSF1,,,,
COLEASF1,Coleambally Solar Farm,Coleambally Solar Farm,-34.74271778,145.955853
COLUMSF1,Columboola Solar Farm,,,
COLWF01,Collector Wind Farm 1,,,
CONDONG1,Condong Power Station,,,
COOPGWF1,Coopers Gap Wind Farm,Coopers Gap Wind Farm,-26.73243751,151.4723036
COPTNHYD,Copeton Hydro Power Station,,,
CORIO1,Corio Landfill Gas Power Station,,-38.05865888,144.4055757
CPP_3,Callide C Nett Off,Callide C,-24.334025,150.627973
CPP_4,Callide C Nett Off,Callide C,-24.334025,150.627973
CPSA,Condamine Power Station A,Condamine A,-26.66822221,150.2700145
CROOKWF2,Crookwell 2 Wind Farm,Crookwell 2 Wind Farm,-34.54097948,149.5955052
CROWLWF1,Crowlands Wind Farm,Crowlands Wind Farm,-37.121311,143.153734
CRURWF1,Crudine Ridge Wind Farm,Crudine Ridge Wind Farm,-32.89901984,149.648284
CRWASF1,Corowa Solar Farm,Corowa Solar Farm,-35.98513074,146.3604154
CSPVPS1,Collinsville Solar PV Power Station,Collinsville Solar Farm,-20.54205423,147.8078594
CTHLWF1,Cattle Hill Wind Farm,Cattle Hill Wind Farm,-42.152253,146.709795
CULLRGWF,Cullerin Range Wind Farm,Cullerin Range Wind Farm,-34.80498162,149.4001296
DAANDINE,Daandine Power Station,,-27.08631997,150.9430055
DALNTH01,Dalrymple North BESS,Dalrymple North BESS,-34.93399638,137.7435289
DALNTHL1,Dalrymple North BESS,Dalrymple North BESS,-34.93399638,137.7435289
DARLSF1,Darlington Point Solar Farm,Darlington Point Solar Farm,-34.647574,146.038502
DARTM1,Dartmouth Power Station,Dartmouth,-36.556429,147.52058
DAYDSF1,Daydream Solar Farm,Daydream Solar Farm,-20.4936667,147.7705249
DAYDSF2,Daydream Solar Farm,Daydream Solar Farm,-20.4936667,147.7705249
DDPS1,Darling Downs Power Station,Darling Downs,-27.11689141,150.894217
DDSF1,Darling Downs Solar Farm,Darling Downs Solar Farm,-27.12125289,150.8943104
DEVILS_G,Devils Gate Power Station,Devils Gate,-41.350467,146.263167
DG_NSW1,,,,
DG_QLD1,,,,
DG_SA1,,,,
DG_TAS1,,,,
DG_VIC1,,,,
DIAPURWF1,Diapur Wind Farm,,,
DRAESN1,,,,
DRVIOT01,,,,
DRVIOT02,,,,
DRXNDA01,,,,
DRXNDA02,,,,
DRXNDA03,,,,
DRXNDA04,,,,
DRXNDE01,,,,
DRXNQX01,,,,
DRXSQS01,,,,
DRXVDJ01,,,,
DRXVDP01,,,,
DRXVDX01,,,,
DRXVQP01,,,,
DRXVQX01,,,,
DRYCGT1,Dry Creek Gas Turbine Station,Dry Creek GT,-34.847463,138.581758
DRYCGT2,Dry Creek Gas Turbine Station,Dry Creek GT,-34.847463,138.581758
DRYCGT3,Dry Creek Gas Turbine Station,Dry Creek GT,-34.847463,138.581758
DUNDWF1,Dundonnell Wind Farm,Dundonnell Wind Farm,,
DUNDWF2,Dundonnell Wind Farm,Dundonnell Wind Farm,,
DUNDWF3,Dundonnell Wind Farm,Dundonnell Wind Farm,,
EASTCRK,Eastern Creek LFG PS Units 1-4,,,
EASTCRK2,Eastern Creek 2 Gas Utilisation Facility,,,
EDLRGNRD,Roghan Road LFG Power Plant,,,
EILDON1,Eildon Power Station,Eildon,-37.222005,145.921452
EILDON2,Eildon Power Station,Eildon,-37.222005,145.921452
EILDON3,Eildon Power Station,Eildon,-37.222005,145.921452
ELAINWF1,Elaine Wind Farm,Elaine Wind Farm,-37.733127,144.010527
EMERASF1,Emerald Solar Park,Emerald Solar Farm,-23.50983735,148.1300375
ER01,Eraring Power Station,Eraring,-33.06174875,151.5223301
ER02,Eraring Power Station,Eraring,-33.06174875,151.5223301
ER03,Eraring Power Station,Eraring,-33.06174875,151.5223301
ER04,Eraring Power Station,Eraring,-33.06174875,151.5223301
ERGT01,Eraring Power Station,,-33.06174875,151.5223301
FINLYSF1,Finley Solar Farm,Finley Solar Farm,-35.64403543,145.508681
FISHER,Fisher Power Station,Fisher,-41.67324,146.268518
LONGFORD,Ferguson North Wind Farm,,,
FSWF1,Ferguson South Wind Farm,,,
GANGARR1,Gangarri Solar Farm,,,
GANNBG1,Gannawarra Energy Storage System,,-35.73453051,143.7799238
GANNBL1,Gannawarra Energy Storage System,,-35.73453051,143.7799238
GANNSF1,Gannawarra Solar Farm,Gannawarra Solar Farm,-35.73453051,143.7799238
GB01,Broken Hill Gas Turbines,,-31.986296,141.420334
GERMCRK,German Creek Power Station,,-22.928147,148.551497
GLBWNHYD,Glenbawn Hydro Power Station,,,
GLENMAG1,Glenmaggie Hydro Power Station,,,
GLENNCRK,Glennies Creek Power Station,,,
GLRWNSF1,Glenrowan West Solar Farm,Glenrowan West Solar Farm,-36.48791666,146.1455534
GNNDHSF1,Gunnedah Solar Farm,Gunnedah Solar Farm,-30.95103807,150.3426316
GOONSF1,Goonumbla Solar Farm,Goonumbla Solar Farm,,
GORDON,Gordon Power Station,Gordon,-42.738642,145.981165
GRANGEAV,Grange Avenue Landfill Gas Power Station,,,
GRANWF1,Granville Harbour Wind Farm,Granville Harbour Wind Farm,-41.801739,145.055888
GRIFSF1,Griffith Solar Farm,,-34.31421319,146.1138156
GROSV1,Grosvenor 1 Waste Coal Mine Gas Power Station,,,
GROSV2,Grosvenor 2,,,
GSTONE1,Gladstone Power Station,Gladstone,-23.850753,151.218653
GSTONE2,Gladstone Power Station,Gladstone,-23.850753,151.218653
GSTONE3,Gladstone Power Station,Gladstone,-23.850753,151.218653
GSTONE4,Gladstone Power Station,Gladstone,-23.850753,151.218653
GSTONE5,Gladstone Power Station,Gladstone,-23.850753,151.218653
GSTONE6,Gladstone Power Station,Gladstone,-23.850753,151.218653
GULLRSF1,Gullen Range Solar Farm,Gullen Range Solar Farm,-34.614253,149.459553
GULLRWF1,Gullen Range Wind Farm,Gullen Range Wind Farm,-34.614253,149.459553
GULLRWF2,Gullen Range Wind Farm,Gullen Range Wind Farm 2 ,-34.614253,149.459553
GUNNING1,Gunning Wind Farm,Gunning Wind Farm,-34.6958309,149.3831752
GUTHEGA,Guthega Power Station,Guthega,-36.350098,148.413528
HALAMRD1,Hallam Road Renewable Energy Facility,,,
HALLWF1,Hallett 1 Wind Farm,,-33.348652,138.751659
HALLWF2,Hallett 2 Wind Farm,,-33.348652,138.751659
HAMISF1,Hamilton Solar Farm,Hamilton Solar Farm,-20.50513362,147.7664032
HAUGHT11,Haughton Solar Farm Stage 1,Haughton Solar Farm,-19.741278,147.047796
HAYMSF1,Hayman Solar Farm,Hayman Solar Farm,-20.48727715,147.7448699
HDWF1,Hornsdale Wind Farm,Hornsdale Wind Farm Stage 1,-33.042878,138.556285
HDWF2,Hornsdale Wind Farm 2,Hornsdale Wind Farm Stage 2,-33.042878,138.556285
HDWF3,Hornsdale Wind Farm 3,Hornsdale Wind Farm Stage 3,-33.042878,138.556285
HEPWIND1,Hepburn Community Wind Farm,,,
HEZ1,Hunter Economic Zone,,,
HILLSTN1,Hillston Sun Farm ,,,
HLMSEW01,South East Water - Halllam Hydro Plant,,,
HPRG1,Hornsdale Power Reserve,Hornsdale Power Reserve Unit 1,-33.08573518,138.5184696
HPRL1,Hornsdale Power Reserve,Hornsdale Power Reserve Unit 1,-33.08573518,138.5184696
HUGSF1,Hughenden Solar Farm,Hughenden Solar Farm,-20.8546434,144.1861124
HUMENSW,Hume (NSW) Hydro Power Station,Hume Dam NSW,-36.106619,147.032622
HUMEV,Hume (Vic) Hydro Power Station,Hume Dam VIC,,
HVGTS,,,,
HVWWBA1G,Happy Valley Water Treatment Plant,,,
HVWWBA1L,Happy Valley Water Treatment Plant,,,
HVWWPV1,Happy Valley Water Treatment Plant,,,
ICSM,ISIS Central Sugar Mill Co-generation Plant,,,
INVICTA,Invicta Sugar Mill,,,
JACKSGUL,Jacks Gully Landfill Gas Power Station,,,
JBUTTERS,John Butters Power Station,John Butters,-42.154835,145.534477
JEMALNG1,Jemalong Solar Project,Jemalong Solar,-33.38839569,147.6683868
JLA01,"Jeeralang ""A"" Power Station",Jeeralang A,-38.275325,146.426296
JLA02,"Jeeralang ""A"" Power Station",Jeeralang A,-38.275325,146.426296
JLA03,"Jeeralang ""A"" Power Station",Jeeralang A,-38.275325,146.426296
JLA04,"Jeeralang ""A"" Power Station",Jeeralang A,-38.275325,146.426296
JLB01,"Jeeralang ""B"" Power Station",Jeeralang B,-38.274626,146.424923
JLB02,"Jeeralang ""B"" Power Station",Jeeralang B,-38.274626,146.424923
JLB03,"Jeeralang ""B"" Power Station",Jeeralang B,-38.274626,146.424923
JNDABNE1,Jindabyne Small Hydro Power Station,,,
JOUNAMA1,Jounama Small Hydro Power Station,,,
JUNEESF1,Junee Solar Farm,Junee Solar Farm,-34.81103502,147.5727824
KAREEYA1,Kareeya Power Station,Kareeya,-17.767002,145.577865
KAREEYA2,Kareeya Power Station,Kareeya,-17.767002,145.577865
KAREEYA3,Kareeya Power Station,Kareeya,-17.767002,145.577865
KAREEYA4,Kareeya Power Station,Kareeya,-17.767002,145.577865
KAREEYA5,Kareeya Power Station,Kareeya,-17.767002,145.577865
KARSF1,Karadoc Solar Farm,Karadoc Solar Farm,-34.41608352,142.2522134
KEEPIT,Keepit Hydro Power Station,,,
KEPBG1,Kennedy Energy Park Battery,,,
KEPBL1,Kennedy Energy Park Battery,,,
KEPSF1,Kennedy Energy Park,,,
KEPWF1,Kennedy Energy Park,,,
KIAMSF1,Kiamal Solar Farm,Kiamal Solar Farm stage 1,-35.02989694,142.2950149
KIATAWF1,Kiata Wind Farm,Kiata Wind Farm,-36.39758262,141.7468326
KPP_1,Kogan Creek Power Station,Kogan Creek,-26.91768333,150.7492833
KSP1,Kidston Solar Project,Kidston Solar Farm,-18.89124795,144.142897
LADBROK1,Ladbroke Grove Power Station,Ladbroke Grove,-37.456673,140.782692
LADBROK2,Ladbroke Grove Power Station,Ladbroke Grove,-37.456673,140.782692
LBBG1,Lake Bonney BESS1,Lake Bonney BESS1,-37.73876013,140.3868648
LBBL1,Lake Bonney BESS1,Lake Bonney BESS1,-37.73876013,140.3868648
LD01,Liddell Power Station,Liddell,-32.371267,150.97757
LD02,Liddell Power Station,Liddell,-32.371267,150.97757
LD03,Liddell Power Station,Liddell,-32.371267,150.97757
LD04,Liddell Power Station,Liddell,-32.371267,150.97757
LEM_WIL,Lemonthyme / Wilmot Power Station,,-41.603763,146.139022
LGAPWF1,Lincoln Gap Wind Farm,Lincoln Gap Wind Farm - stage 1,-32.58788314,137.5552335
LGAPWF2,Lincoln Gap Wind Farm,Lincoln Gap Wind Farm - stage 2,-32.58788314,137.5552335
LI_WY_CA,Catagunya / Liapootah / Wayatinah Power Station,Catagunya / Liapootah / Wayatinah,-42.452381,146.597687
LILYSF1,Lilyvale Solar Farm,Lilyvale Solar Farm,-23.08670245,148.4382103
LIMOSF11,Limondale Solar Farm 1,Limondale Solar Farm 1,-34.770815,143.513224
LIMOSF21,Limondale Solar Farm 2,Limondale Solar Farm 2,-34.770815,143.513224
LK_ECHO,Lake Echo Power Station,Lake Echo,-42.253702,146.620699
LKBONNY1,Lake Bonney Wind Farm Stage 1,Lake Bonney 1 Wind Farm,-37.77134988,140.3980839
LKBONNY2,Lake Bonney Stage 2 Windfarm,Lake Bonney 2 Wind Farm,-37.77134988,140.3980839
LKBONNY3,Lake Bonney Stage 3 Wind Farm,Lake Bonney 3 Wind Farm,-37.77134988,140.3980839
LNGS1,Laverton North Power Station,Laverton North,-37.84158733,144.7883825
LNGS2,Laverton North Power Station,Laverton North,-37.84158733,144.7883825
LONSDALE,Lonsdale Power Station,Lonsdale,-35.10966855,138.4910068
LOYYB1,Loy Yang B Power Station,Loy Yang B,-38.256447,146.58637
LOYYB2,Loy Yang B Power Station,Loy Yang B,-38.256447,146.58637
LRSF1,Longreach Solar Farm,Longreach Solar Farm,,
LUCAS2S2,Lucas Heights 2 Power Station,,,
LUCASHGT,Lucas Heights 2 Power Station,,,
LYA1,Loy Yang A Power Station,Loy Yang A Power Station,-38.2536,146.574569
LYA2,Loy Yang A Power Station,Loy Yang A Power Station,-38.2536,146.574569
LYA3,Loy Yang A Power Station,Loy Yang A Power Station,-38.2536,146.574569
LYA4,Loy Yang A Power Station,Loy Yang A Power Station,-38.2536,146.574569
MACARTH1,Macarthur Wind Farm,Macarthur Wind Farm,-38.00752684,142.1865101
MACKNTSH,Mackintosh Power Station,Mackintosh,-41.69975,145.646119
MANSLR1,Manildra solar Farm,Manildra Solar Farm,-33.16840577,148.7112342
MAPS2PV1,"Mannum - Adelaide Pipeline Pumping Station No 2, PV Units 1-6",,,
MAPS3PV1,"Mannum - Adelaide Pipeline Pumping Station No 3, PV Units 1-6",,,
MAROOWF1,Maroona Wind Farm,,,
MARYRSF1,Maryrorough Solar Farm,Maryrorough Solar Farm,,
MBAHNTH,Moranbah North Waste Coal Mine Gas Power Station,,,
MBPS2PV1,Murray Bridge-Onkaparinga Pipeline Pumping Station No 2,,,
MCKAY1,Bogong / Mackay Power Station,Bogong / MacKay,-36.805461,147.228034
MEADOWBK,Meadowbank Power Station,Meadowbank,-42.611199,146.845676
MERCER01,Mt Mercer Wind Farm,Mt Mercer Wind Farm,-37.841111,143.871111
METZSF1,Metz Solar Farm,Metz Solar Farm,,
MEWF1,Mount Emerald Wind Farm,Mount Emerald Wind Farm,-17.185193,145.379859
MIDDLSF1,Middlemount Solar Farm,Middlemount Sun Farm,-22.82279312,148.7181547
MINTARO,Mintaro Gas Turbine Station,Mintaro GT,-33.9031,138.7383
MLLFGEF1,Mugga Lane Landfill Gas To Energy Facility,,,
MLSP1,Mugga Lane Solar Park,,,
MLWF1,Mortons Lane Wind Farm,Mortons Lane Wind Farm,-37.835,142.45
MOLNGSF1,Molong Solar Farm,Molong Solar Farm,-33.08957753,148.9124742
MOORAWF1,Moorabool Wind Farm ,Moorabool Wind Farm,-37.739999,144.16219
MORANBAH,Moranbah Generation Project,,,
MOREESF1,Moree Solar Farm,Moree Solar Farm,-29.569,149.867
MORNW,Mornington Waste Disposal Facility,,,
MORTLK11,Mortlake Power Station,Mortlake,-38.06316932,142.6674789
MORTLK12,Mortlake Power Station,Mortlake,-38.06316932,142.6674789
MP1,Mt Piper Power Station,Mt Piper,-33.358892,150.031322
MP2,Mt Piper Power Station,Mt Piper,-33.358892,150.031322
MPP_1,Millmerran Power Plant,Millmerran,-27.961542,151.278949
MPP_2,Millmerran Power Plant,Millmerran,-27.961542,151.278949
MRTLSWF1,Mortlake South Wind Farm,,,
MSTUART1,Mt Stuart Power Station,Mt Stuart,-19.337998,146.851171
MSTUART2,Mt Stuart Power Station,Mt Stuart,-19.337998,146.851171
MSTUART3,Mt Stuart Power Station,Mt Stuart,-19.337998,146.851171
MTGELWF1,Mt Gellibrand Wind Farm,Mt Gellibrand Wind Farm,,
MTMILLAR,Mt Millar Wind Farm,,-33.626728,136.704562
MURRAY,Murray Power Station,,-36.246713,148.190095
MUSSELR1,Musselroe Wind Farm,Musselroe Wind Farm,-40.779758,148.0097592
MUWAWF1,Murra Warra Wind Farm,Murra Warra Wind Farm - stage 1,-36.43195486,142.3173869
MUWAWF2,Murra Warra Wind Farm Stage 2,,,
MWPS1PV1,,,,
MWPS1PV1 ,Morgan-Whyalla Pipeline Pumping Station No 1,,,
MWPS2PV1,,,,
MWPS2PV1 ,Morgan-Whyalla Pipeline Pumping Station No 2,,,
MWPS3PV1,,,,
MWPS3PV1 ,Morgan-Whyalla Pipeline Pumping Station No 3,,,
MWPS4PV1,Morgan-Whyalla Pipeline Pumping Station No 4,,,
NASF1,Narromine Solar Farm,,-32.217108,148.25758
NBHWF1,North Brown Hill Wind Farm,,-33.252576,138.712289
NEVERSF1,Nevertire Solar Farm,Nevertire Solar Farm,-31.82969822,147.707706
NINEWIL1,Nine Network Willoughby Plant,,,
NPS,Newport Power Station,Newport,-37.841462,144.894197
NUMURSF1,Numurkah Solar Farm,Numurkah Solar Farm,-36.15935486,145.4738782
NYNGAN1,Nyngan Solar Plant,Nyngan Solar Plant,-31.56366781,147.0725769
OAKEY1,Oakey Power Station,Oakey Power Station,-27.418362,151.679767
OAKEY1SF,Oakey 1 Solar Farm,Oakey 1 Solar Farm,-27.4022955,151.6448348
OAKEY2,Oakey Power Station,Oakey Power Station,-27.418362,151.679767
OAKEY2SF,Oakey 2 Solar Farm,Oakey 2 Solar Farm,-27.4022955,151.6448348
OAKLAND1,Oaklands Hill Wind Farm,Oaklands Hill Wind Farm,-37.663801,142.548056
OAKY2,Oaky Creek 2,,,
OAKYCREK,Oaky Creek Power Station,,,
OSB-AG,Osborne Power Station,Osborne,-34.798021,138.507884
PALOONA,Paloona Power Station,,-41.282616,146.248964
PAREPW1,Port Augusta Renewable Energy Park,,,
PARSF1,Parkes Solar Farm,Parkes Solar Farm,-33.11280501,148.0764294
PINDARI,Pindari Hydro Power Station,,,
PIONEER,,,,
POAT110,Poatina Power Station,Poatina,-41.811573,146.919038
POAT220,Poatina Power Station,Poatina,-41.811573,146.919038
POR01,Port Lincoln Gas Turbine,Port Lincoln GT,-34.70019,135.804728
POR03,Port Lincoln Gas Turbine,Port Lincoln GT,-34.70019,135.804728
PORTWF,,,-38.412,141.543
PPCCGT,Pelican Point Power Station,Pelican Point,-34.764972,138.505325
PTSTAN1,Pt Stanvac Power Station,Port Stanvac 1,-35.11039534,138.4914591
PUMP1,Wivenhoe Power Station,,-27.372221,152.632028
PUMP2,Wivenhoe Power Station,,-27.372221,152.632028
QBYNBG1,Queanbeyan BESS,,-35.33929648,149.2159767
QBYNBL1,Queanbeyan BESS,,-35.33929648,149.2159767
QPS1,Quarantine Power Station,Quarantine,-34.779284,138.522352
QPS2,Quarantine Power Station,Quarantine,-34.779284,138.522352
QPS3,Quarantine Power Station,Quarantine,-34.779284,138.522352
QPS4,Quarantine Power Station,Quarantine,-34.779284,138.522352
QPS5,Quarantine Power Station,Quarantine,-34.779284,138.522352
RACOMIL1,Racecourse Mill Power Station,,,
REECE1,Reece Power Station,Reece,-41.72377,145.135948
REECE2,Reece Power Station,Reece,-41.72377,145.135948
REPULSE,Repulse Power Station,,-42.507695,146.64696
ROMA_7,Roma Gas Turbine Station,Roma,-26.577201,148.840199
ROMA_8,Roma Gas Turbine Station,Roma,-26.577201,148.840199
ROWALLAN,Rowallan Power Station,,-41.729523,146.217593
ROYALLA1,Royalla Solar Farm,,-35.4901,149.143
RPCG,Rocky Point Cogeneration Plant,,-27.73368,153.32694
RRSF1,Ross River Solar Farm,Ross River Solar Farm,-19.41297791,146.7207636
RT_NSW1,,,,
RT_NSW2,,,,
RT_NSW3,,,,
RT_NSW4,,,,
RT_NSW5,,,,
RT_NSW6,,,,
RT_QLD1,,,,
RT_SA1,,,,
RT_SA2,,,,
RT_SA3,,,,
RT_SA4,,,,
RT_SA5,,,,
RT_SA6,,,,
RT_TAS1,,,,
RT_VIC1,,,,
RT_VIC10,,,,
RT_VIC11,,,,
RT_VIC12,,,,
RT_VIC2,,,,
RT_VIC3,,,,
RT_VIC4,,,,
RT_VIC5,,,,
RT_VIC6,,,,
RT_VIC7,,,,
RT_VIC8,,,,
RT_VIC9,,,,
RUBICON,Rubicon Mountain Streams Station,,,
RUGBYR1,Rugby Run Solar Farm,Rugby Run Solar Farm,-22.14022591,147.9190046
SALTCRK1,Salt Creek Wind Farm,Salt Creek Wind Farm,-37.9301,142.773643
SAPHWF1,Sapphire Wind Farm,Sapphire Wind Farm,-29.700374,151.411471
SATGS1,Temporary Generation South,Temporary Generation South,,
SEBSF1,Sebastopol Solar Farm,Sebastopol Solar Farm,-34.60282832,147.5548631
SHEP1,Shepparton Wastewater Treatment Facility,,,
SHGEN,Shoalhaven Power Station (Bendeela And Kangaroo Valley Power Station And Pumps),Shoalhaven,-34.73369,150.46687
SHPUMP,Shoalhaven Power Station (Bendeela And Kangaroo Valley Power Station And Pumps),Shoalhaven,-34.73369,150.46687
SITHE01,Smithfield Energy Facility,,-23.50972,150.319466
SITHE04,Smithfield Energy Facility,,,
SKSF1,South Keswick Solar Farm,,,
SLDCBLK1,St Leonards Data Centre,,,
SMCSF1,Sun Metals Solar Farm,Sun Metals Corporation Solar Farm,-19.33302829,146.8757783
SNAPPER1,Snapper Point Power Station,,,
SNOWNTH1,Snowtown Wind Farm Stage 2 North,,-33.83008204,138.1184114
SNOWSTH1,Snowtown South Wind Farm,,-33.713867,138.140367
SNOWTWN1,Snowtown Wind Farm Units 1 And 47,,-33.713867,138.140367
SNOWYGJP,,,,
SNOWYP,Tumut 3 Pumps,,,
SNUG1,Snuggery Power Station,Snuggery,-37.664551,140.415558
SRSF1,Susan River Solar Farm,Susan River Solar Farm,-25.41490361,152.7483099
STAN-1,Stanwell Power Station,Stanwell,-23.50972,150.319466
STAN-2,Stanwell Power Station,Stanwell,-23.50972,150.319466
STAN-3,Stanwell Power Station,Stanwell,-23.50972,150.319466
STAN-4,Stanwell Power Station,Stanwell,-23.50972,150.319466
STAPYLTON1,Stapylton Renewable Energy Facility,,,
STARHLWF,Starfish Hill Wind Farm,Starfish Hill Wind Farm,-35.567765,138.143238
STOCKYD1,Stockyard Hill Wind Farm,Stockyard Hill Wind Farm,-37.551706,143.314276
STWF1,Silverton Wind Farm,Silverton Wind Farm,-31.8601171,141.2965866
SUNRSF1,Sunraysia Solar Farm,Sunraysia Solar Farm,-34.793832,143.511722
SUNTPSF1,Suntop Solar Farm,Suntop Solar Farm,-32.57979705,148.8381379
SVALE1,Springvale Landfill Gas Power Station,,,
SWAN_E,Swanbank E Power Station ,Swanbank E GT,-27.655374,152.817938
TABMILL2,Tableland Mill Unit 2,,,
TAHMOOR1,Tahmoor Waste Coal Mine Gas Power Station,,,
TALWA1,Tallawarra Power Station,Tallawarra,-34.522778,150.808056
TARALGA1,Taralga Wind Farm,Taralga Wind Farm,-34.429642,149.845426
TARONG#1,Tarong Power Station,Tarong,-26.782358,151.915273
TARONG#2,Tarong Power Station,Tarong,-26.782358,151.915273
TARONG#3,Tarong Power Station,Tarong,-26.782358,151.915273
TARONG#4,Tarong Power Station,Tarong,-26.782358,151.915273
TARRALEA,Tarraleah Power Station,Tarraleah,-42.301208,146.457156
TATIARA1,Tataria Bordertown Plant,,,
TATURA01,Tatura Biomass Generator,,,
TBSF1,Tailem Bend Solar Project 1,Tailem Bend Solar Farm,,
TGNSS1,Traralgon Network Support Station,,,
THEDROP1,The Drop Power Station,,,
TIMWEST,Timboon West Wind Farm,,,
TITREE,Veolia Ti Tree Bio Reactor,,,
TNPS1,Tarong North Power Station,Tarong North,-26.77569111,151.9140567
TOORAWF,Toora Wind Farm,,,
TORRA1,Torrens Island Power Station,Torrens Island A,-34.806844,138.521322
TORRA3,Torrens Island Power Station,Torrens Island A,-34.806844,138.521322
TORRB1,Torrens Island Power Station,Torrens Island B,-34.805171,138.52262
TORRB2,Torrens Island Power Station,Torrens Island B,-34.805171,138.52262
TORRB3,Torrens Island Power Station,Torrens Island B,-34.805171,138.52262
TORRB4,Torrens Island Power Station,Torrens Island B,-34.805171,138.52262
TOWER,Tower Power Plant,,,
TREVALLN,Trevallyn Power Station,Trevallyn,-41.423142,147.11283
TRIBUTE,Tribute Power Station,Tribute,-41.81557687,145.6498823
TUMUT3,Tumut 3 Power Station,Tumut 3,-35.611218,148.291685
TUNGATIN,Tungatinah Power Station,Tungatinah,-42.296671,146.456543
TVCC201,Tamar Valley Combined Cycle Power Station,Tamar Valley Combined Cycle,-41.140125,146.903636
TVPP104,Bell Bay Three Power Station,,-41.140125,146.903636
UPPTUMUT,Tumut Power Station,Upper Tumut,-35.951729,148.36371
URANQ11,Uranquinty Power Station,Uranquinty,-35.179395,147.215692
URANQ12,Uranquinty Power Station,Uranquinty,-35.179395,147.215692
URANQ13,Uranquinty Power Station,Uranquinty,-35.179395,147.215692
URANQ14,Uranquinty Power Station,Uranquinty,-35.179395,147.215692
VALDORA1,Valdora Solar Farm,,,
VBBG1,Victorian Big Battery,Victorian Big Battery,-38.037549,144.291167
VBBL1,Victorian Big Battery,Victorian Big Battery,-38.037549,144.291167
VENUS1,,,,
VP5,"Vales Point ""B"" Power Station",Vales Point B,-33.160745,151.543146
VP6,"Vales Point ""B"" Power Station",Vales Point B,-33.160745,151.543146
VPGS1,Valley Power Peaking Facility,Valley Power,-38.253622,146.589166
VPGS2,Valley Power Peaking Facility,Valley Power,-38.253622,146.589166
VPGS3,Valley Power Peaking Facility,Valley Power,-38.253622,146.589166
VPGS4,Valley Power Peaking Facility,Valley Power,-38.253622,146.589166
VPGS5,Valley Power Peaking Facility,Valley Power,-38.253622,146.589166
VPGS6,Valley Power Peaking Facility,Valley Power,-38.253622,146.589166
VSNEL2S1,,,,
VSNSN1V1,,,,
VSQHT1V1,,,,
VSSAE1V1,,,,
VSSEL1V1,,,,
VSSSE1V1,,,,
VSSSH1S1,,,,
VSVEL2S1,,,,
W/HOE#1,Wivenhoe Power Station,Wivenhoe,-27.395212,152.609153
W/HOE#2,Wivenhoe Power Station,Wivenhoe,-27.395212,152.609153
WAGGNSF1,Wagga North Solar Farm,Wagga North Solar Farm,-35.06682256,147.4349504
WALGRVG1,Wallgrove BESS 1,,-33.814073,150.831267
WALGRVL1,Wallgrove BESS 1,,-33.814073,150.831267
WANDBG1,Wandoan Battery Energy Storage System (BESS),,-26.26137376,149.7663324
WANDBL1,Wandoan Battery Energy Storage System (BESS),,-26.26137376,149.7663324
WARWSF1,Warwick Solar Farm 1 ,,,
WARWSF2,Warwick Solar Farm 2,,,
WATERLWF,Waterloo Wind Farm,Waterloo Wind Farm,-34.0010247,138.9110256
WAUBRAWF,Waubra Wind Farm,Waubra Wind Farm,-37.3559815,143.605915
WDGPH1,Western Downs GPH,,,
WDLNGN01,Woodlawn Bioreactor Energy Generation Station,,,
WELLSF1,,,,
WELLSF1 ,Wellington Solar Farm ,Wellington Solar Farm,-32.51340281,148.9721561
WEMENSF1,Wemen Solar Farm,Wemen Solar Farm,-34.802502,142.544417
WESTCBT1,Western Suburbs League Club (Campbelltown) Plant,,,
WESTILL1,West Illawarra Leagues Club Plant,,,
WGWF1,Willogoleche Wind Farm,Willogoleche Wind Farm,-33.3899995,138.8551617
WHILL1,Windy Hill Wind Farm,,,
WHIT1,Whitwood Road Renewable Energy Facility,,,
WHITSF1,Whitsunday Solar Farm,Whitsunday Solar Farm,-20.4945774,147.7481184
WILGAPK,Wilga Park Power Station,,,
WILGB01,Wilga Park B,,,
WILLHOV1,William Hovell Power Station,,,
WINGF1_1,Wingfield 1 Landfill Gas Power Station,,,
WINGF2_1,Wingfield 2 Landfill Gas Power Station,,,
WINTSF1,Winton Solar Farm,Winton Solar Farm,-36.49960884,146.1142645
WIVENSH,Wivenhoe Small Hydro,,,
WKIEWA1,West Kiewa Power Station,West Kiewa,-36.76004807,147.1861426
WKIEWA2,West Kiewa Power Station,West Kiewa,-36.76004807,147.1861426
WOLLERT1,Wollert Renewable Energy Facility,,,
WONWP,Wonthaggi Wind Farm,,,
WOODLWN1,Woodlawn Wind Farm,Woodlawn Wind Farm,-35.0860597,149.5716058
WOOLGSF1,Woolooga Solar Farm,,,
WOOLNTH1,Woolnorth Studland Bay / Bluff Point Wind Farm,Woolnorth Wind Farm,-40.778754,144.736204
WPWF,Wattle Point Wind Farm,Wattle Point Wind Farm,-35.121355,137.716618
WRSF1,White Rock Solar Farm,White Rock Solar Farm,-29.76315912,151.5524284
WRWF1,White Rock Wind Farm,White Rock Wind Farm - Stage 1,-29.76228129,151.544667
WYANGALA,Wyangala A Power Station,,,
WYANGALB,Wyangala B Power Station,,,
WYNDW,Wyndham Waste Disposal Facility,,,
YABULU,Townsville Gas Turbine,Yabulu PS,-19.201056,146.618707
YABULU2,Townsville Gas Turbine,Yabulu Steam Turbine ,-19.201056,146.618707
YAMBUKWF,Yambuk Wind Farm,Yambuk Wind Farm,-38.30835521,142.0100326
YARANSF1,Yarranlea Solar Farm,Yarranlea Solar Farm,,
YARWUN_1,Yarwun Power Station,Yarwun Cogen,-23.830645,151.15193
YATSF1,Yatpool Solar Farm,Yatpool Solar Farm,,
YAWWF1,Yawong Wind Farm,,,
YENDWF1,Yendon Wind Farm,Yendon Wind Farm,-37.6300485,144.0218344
YSWF1,Yaloak South Wind Farm,Yaloak South Wind Farm,-37.71635536,144.2419788
YWNGAHYD,Yarrawonga Hydro Power Station,,,
YWPS1,Yallourn 'W' Power Station,Yallourn W,-38.177015,146.342783
YWPS2,Yallourn 'W' Power Station,Yallourn W,-38.177015,146.342783
YWPS3,Yallourn 'W' Power Station,Yallourn W,-38.177015,146.342783
YWPS4,Yallourn 'W' Power Station,Yallourn W,-38.177015,146.342783
